Date;Time;HomeTeam;AwayTeam;FTHG;FTAG;FTR;Referee;HY;AY;HR;AR
09/08/2019;20:00;Liverpool;Norwich;4;1;H;M Oliver;0;2;0;0
10/08/2019;12:30;West Ham;Man City;0;5;A;M Dean;2;2;0;0
10/08/2019;15:00;Bournemouth;Sheffield United;1;1;D;K Friend;2;1;0;0
10/08/2019;15:00;Burnley;Southampton;3;0;H;G Scott;0;0;0;0
10/08/2019;15:00;Crystal Palace;Everton;0;0;D;J Moss;2;1;0;1
10/08/2019;15:00;Watford;Brighton;0;3;A;C Pawson;0;1;0;0
10/08/2019;17:30;Tottenham;Aston Villa;3;1;H;C Kavanagh;1;0;0;0
11/08/2019;14:00;Leicester;Wolves;0;0;D;A Marriner;0;2;0;0
11/08/2019;14:00;Newcastle;Arsenal;0;1;A;M Atkinson;1;3;0;0
11/08/2019;16:30;Man United;Chelsea;4;0;H;A Taylor;3;4;0;0
17/08/2019;12:30;Arsenal;Burnley;2;1;H;M Dean;2;1;0;0
17/08/2019;15:00;Aston Villa;Bournemouth;1;2;A;M Atkinson;0;2;0;0
17/08/2019;15:00;Brighton;West Ham;1;1;D;A Taylor;0;2;0;0
17/08/2019;15:00;Everton;Watford;1;0;H;L Mason;2;3;0;0
17/08/2019;15:00;Norwich;Newcastle;3;1;H;S Attwell;1;3;0;0
17/08/2019;15:00;Southampton;Liverpool;1;2;A;A Marriner;2;1;0;0
17/08/2019;17:30;Man City;Tottenham;2;2;D;M Oliver;1;0;0;0
18/08/2019;14:00;Sheffield United;Crystal Palace;1;0;H;D Coote;3;1;0;0
18/08/2019;16:30;Chelsea;Leicester;1;1;D;O Langford;1;0;0;0
19/08/2019;20:00;Wolves;Man United;1;1;D;J Moss;2;2;0;0
23/08/2019;20:00;Aston Villa;Everton;2;0;H;M Oliver;2;3;0;0
24/08/2019;12:30;Norwich;Chelsea;2;3;A;M Atkinson;1;1;0;0
24/08/2019;15:00;Brighton;Southampton;0;2;A;K Friend;1;3;1;0
24/08/2019;15:00;Man United;Crystal Palace;1;2;A;P Tierney;2;4;0;0
24/08/2019;15:00;Sheffield United;Leicester;1;2;A;A Madley;1;0;0;0
24/08/2019;15:00;Watford;West Ham;1;3;A;C Kavanagh;1;1;0;0
24/08/2019;17:30;Liverpool;Arsenal;3;1;H;A Taylor;1;1;0;0
25/08/2019;14:00;Bournemouth;Man City;1;3;A;A Marriner;1;3;0;0
25/08/2019;16:30;Tottenham;Newcastle;0;1;A;M Dean;2;2;0;0
25/08/2019;16:30;Wolves;Burnley;1;1;D;C Pawson;0;2;0;0
31/08/2019;12:30;Southampton;Man United;1;1;D;M Dean;1;2;1;0
31/08/2019;15:00;Chelsea;Sheffield United;2;2;D;S Attwell;0;1;0;0
31/08/2019;15:00;Crystal Palace;Aston Villa;1;0;H;K Friend;2;4;0;1
31/08/2019;15:00;Leicester;Bournemouth;3;1;H;P Bankes;1;3;0;0
31/08/2019;15:00;Man City;Brighton;4;0;H;J Moss;1;1;0;0
31/08/2019;15:00;Newcastle;Watford;1;1;D;G Scott;2;3;0;0
31/08/2019;15:00;West Ham;Norwich;2;0;H;P Tierney;2;1;0;0
31/08/2019;17:30;Burnley;Liverpool;0;3;A;C Kavanagh;0;0;0;0
01/09/2019;14:00;Everton;Wolves;3;2;H;A Taylor;1;4;0;1
01/09/2019;16:30;Arsenal;Tottenham;2;2;D;M Atkinson;3;5;0;0
14/09/2019;12:30;Liverpool;Newcastle;3;1;H;A Marriner;0;0;0;0
14/09/2019;15:00;Brighton;Burnley;1;1;D;M Oliver;0;2;0;0
14/09/2019;15:00;Man United;Leicester;1;0;H;M Atkinson;1;2;0;0
14/09/2019;15:00;Sheffield United;Southampton;0;1;A;L Mason;1;1;1;0
14/09/2019;15:00;Tottenham;Crystal Palace;4;0;H;C Pawson;4;2;0;0
14/09/2019;15:00;Wolves;Chelsea;2;5;A;G Scott;1;2;0;0
14/09/2019;17:30;Norwich;Man City;3;2;H;K Friend;3;1;0;0
15/09/2019;14:00;Bournemouth;Everton;3;1;H;P Tierney;0;4;0;0
15/09/2019;16:30;Watford;Arsenal;2;2;D;A Taylor;3;3;0;0
16/09/2019;20:00;Aston Villa;West Ham;0;0;D;M Dean;2;1;0;1
20/09/2019;20:00;Southampton;Bournemouth;1;3;A;C Kavanagh;1;3;0;0
21/09/2019;12:30;Leicester;Tottenham;2;1;H;P Tierney;1;2;0;0
21/09/2019;15:00;Burnley;Norwich;2;0;H;D Coote;0;1;0;0
21/09/2019;15:00;Everton;Sheffield United;0;2;A;S Hooper;1;3;0;0
21/09/2019;15:00;Man City;Watford;8;0;H;M Dean;2;2;0;0
21/09/2019;17:30;Newcastle;Brighton;0;0;D;M Atkinson;2;1;0;0
22/09/2019;14:00;Crystal Palace;Wolves;1;1;D;S Attwell;2;1;0;1
22/09/2019;14:00;West Ham;Man United;2;0;H;A Taylor;2;2;0;0
22/09/2019;16:30;Arsenal;Aston Villa;3;2;H;J Moss;5;1;1;0
22/09/2019;16:30;Chelsea;Liverpool;1;2;A;M Oliver;3;3;0;0
28/09/2019;12:30;Sheffield United;Liverpool;0;1;A;A Taylor;1;1;0;0
28/09/2019;15:00;Aston Villa;Burnley;2;2;D;L Mason;1;4;0;0
28/09/2019;15:00;Bournemouth;West Ham;2;2;D;S Attwell;3;1;0;0
28/09/2019;15:00;Chelsea;Brighton;2;0;H;C Kavanagh;2;3;0;0
28/09/2019;15:00;Crystal Palace;Norwich;2;0;H;J Moss;3;1;0;0
28/09/2019;15:00;Tottenham;Southampton;2;1;H;G Scott;0;2;1;0
28/09/2019;15:00;Wolves;Watford;2;0;H;P Tierney;0;1;0;0
28/09/2019;17:30;Everton;Man City;1;3;A;M Oliver;2;2;0;0
29/09/2019;16:30;Leicester;Newcastle;5;0;H;C Pawson;1;1;0;1
30/09/2019;20:00;Man United;Arsenal;1;1;D;K Friend;4;2;0;0
05/10/2019;12:30;Brighton;Tottenham;3;0;H;J Moss;2;1;0;0
05/10/2019;15:00;Burnley;Everton;1;0;H;G Scott;2;1;0;1
05/10/2019;15:00;Liverpool;Leicester;2;1;H;C Kavanagh;1;4;0;0
05/10/2019;15:00;Norwich;Aston Villa;1;5;A;A Madley;1;3;0;0
05/10/2019;15:00;Watford;Sheffield United;0;0;D;A Marriner;0;2;0;0
05/10/2019;17:30;West Ham;Crystal Palace;1;2;A;M Oliver;3;2;0;0
06/10/2019;14:00;Arsenal;Bournemouth;1;0;H;M Atkinson;1;2;0;0
06/10/2019;14:00;Man City;Wolves;0;2;A;C Pawson;5;2;0;0
06/10/2019;14:00;Southampton;Chelsea;1;4;A;P Tierney;0;1;0;0
06/10/2019;16:30;Newcastle;Man United;1;0;H;M Dean;3;3;0;0
19/10/2019;12:30;Everton;West Ham;2;0;H;P Tierney;2;2;0;0
19/10/2019;15:00;Aston Villa;Brighton;2;1;H;D Coote;1;2;0;1
19/10/2019;15:00;Bournemouth;Norwich;0;0;D;L Mason;1;3;0;0
19/10/2019;15:00;Chelsea;Newcastle;1;0;H;A Marriner;2;1;0;0
19/10/2019;15:00;Leicester;Burnley;2;1;H;J Moss;0;3;0;0
19/10/2019;15:00;Tottenham;Watford;1;1;D;C Kavanagh;4;3;0;0
19/10/2019;15:00;Wolves;Southampton;1;1;D;P Bankes;3;2;0;0
19/10/2019;17:30;Crystal Palace;Man City;0;2;A;A Taylor;1;1;0;0
20/10/2019;16:30;Man United;Liverpool;1;1;D;M Atkinson;0;1;0;0
21/10/2019;20:00;Sheffield United;Arsenal;1;0;H;M Dean;4;4;0;0
25/10/2019;20:00;Southampton;Leicester;0;9;A;A Marriner;0;0;1;0
26/10/2019;12:30;Man City;Aston Villa;3;0;H;G Scott;1;1;1;0
26/10/2019;15:00;Brighton;Everton;3;2;H;A Madley;2;1;0;0
26/10/2019;15:00;Watford;Bournemouth;0;0;D;M Dean;5;3;0;0
26/10/2019;15:00;West Ham;Sheffield United;1;1;D;D Coote;2;2;0;0
26/10/2019;17:30;Burnley;Chelsea;2;4;A;M Oliver;3;2;0;0
27/10/2019;14:00;Newcastle;Wolves;1;1;D;K Friend;2;2;1;0
27/10/2019;16:30;Arsenal;Crystal Palace;2;2;D;M Atkinson;2;0;0;0
27/10/2019;16:30;Liverpool;Tottenham;2;1;H;A Taylor;3;3;0;0
27/10/2019;16:30;Norwich;Man United;1;3;A;S Attwell;2;2;0;0
02/11/2019;12:30;Bournemouth;Man United;1;0;H;C Kavanagh;4;3;0;0
02/11/2019;15:00;Arsenal;Wolves;1;1;D;M Oliver;0;2;0;0
02/11/2019;15:00;Aston Villa;Liverpool;1;2;A;J Moss;1;2;0;0
02/11/2019;15:00;Brighton;Norwich;2;0;H;K Friend;0;1;0;0
02/11/2019;15:00;Man City;Southampton;2;1;H;L Mason;3;1;0;0
02/11/2019;15:00;Sheffield United;Burnley;3;0;H;S Hooper;1;2;0;0
02/11/2019;15:00;West Ham;Newcastle;2;3;A;S Attwell;2;1;0;0
02/11/2019;17:30;Watford;Chelsea;1;2;A;A Taylor;4;2;0;0
03/11/2019;14:00;Crystal Palace;Leicester;0;2;A;P Tierney;2;2;0;0
03/11/2019;16:30;Everton;Tottenham;1;1;D;M Atkinson;1;2;0;1
08/11/2019;20:00;Norwich;Watford;0;2;A;A Marriner;1;2;0;1
09/11/2019;12:30;Chelsea;Crystal Palace;2;0;H;M Dean;3;2;0;0
09/11/2019;15:00;Burnley;West Ham;3;0;H;K Friend;2;1;0;0
09/11/2019;15:00;Newcastle;Bournemouth;2;1;H;M Atkinson;2;0;0;0
09/11/2019;15:00;Southampton;Everton;1;2;A;P Tierney;1;1;0;0
09/11/2019;15:00;Tottenham;Sheffield United;1;1;D;G Scott;2;2;0;0
09/11/2019;17:30;Leicester;Arsenal;2;0;H;C Kavanagh;1;1;0;0
10/11/2019;14:00;Man United;Brighton;3;1;H;J Moss;2;5;0;0
10/11/2019;14:00;Wolves;Aston Villa;2;1;H;A Taylor;4;3;0;0
10/11/2019;16:30;Liverpool;Man City;3;1;H;M Oliver;0;2;0;0
23/11/2019;12:30;West Ham;Tottenham;2;3;A;M Oliver;3;2;0;0
23/11/2019;15:00;Arsenal;Southampton;2;2;D;S Attwell;6;2;0;0
23/11/2019;15:00;Bournemouth;Wolves;1;2;A;S Hooper;2;1;1;0
23/11/2019;15:00;Brighton;Leicester;0;2;A;M Dean;2;0;0;0
23/11/2019;15:00;Crystal Palace;Liverpool;1;2;A;K Friend;0;1;0;0
23/11/2019;15:00;Everton;Norwich;0;2;A;A Taylor;3;5;0;0
23/11/2019;15:00;Watford;Burnley;0;3;A;P Tierney;0;3;0;0
23/11/2019;17:30;Man City;Chelsea;2;1;H;M Atkinson;1;1;0;0
24/11/2019;16:30;Sheffield United;Man United;3;3;D;A Marriner;1;2;0;0
25/11/2019;20:00;Aston Villa;Newcastle;2;0;H;L Mason;1;1;0;0
30/11/2019;12:30;Newcastle;Man City;2;2;D;C Kavanagh;1;2;0;0
30/11/2019;15:00;Burnley;Crystal Palace;0;2;A;P Bankes;2;0;0;0
30/11/2019;15:00;Chelsea;West Ham;0;1;A;J Moss;0;3;0;0
30/11/2019;15:00;Liverpool;Brighton;2;1;H;M Atkinson;0;0;1;0
30/11/2019;15:00;Tottenham;Bournemouth;3;2;H;L Mason;0;2;0;0
30/11/2019;17:30;Southampton;Watford;2;1;H;M Oliver;1;0;0;0
01/12/2019;14:00;Norwich;Arsenal;2;2;D;P Tierney;2;1;0;0
01/12/2019;14:00;Wolves;Sheffield United;1;1;D;D Coote;1;4;0;0
01/12/2019;16:30;Leicester;Everton;2;1;H;G Scott;0;1;0;0
01/12/2019;16:30;Man United;Aston Villa;2;2;D;C Pawson;4;1;0;0
03/12/2019;19:30;Crystal Palace;Bournemouth;1;0;H;A Taylor;3;3;1;0
03/12/2019;20:15;Burnley;Man City;1;4;A;J Moss;1;1;0;0
04/12/2019;19:30;Chelsea;Aston Villa;2;1;H;C Kavanagh;2;1;0;0
04/12/2019;19:30;Leicester;Watford;2;0;H;C Pawson;3;2;0;0
04/12/2019;19:30;Man United;Tottenham;2;1;H;P Tierney;0;1;0;0
04/12/2019;19:30;Southampton;Norwich;2;1;H;K Friend;1;1;0;0
04/12/2019;19:30;Wolves;West Ham;2;0;H;A Marriner;1;2;0;0
04/12/2019;20:15;Liverpool;Everton;5;2;H;M Dean;1;2;0;0
05/12/2019;19:30;Sheffield United;Newcastle;0;2;A;S Attwell;2;0;0;0
05/12/2019;20:15;Arsenal;Brighton;1;2;A;G Scott;3;1;0;0
07/12/2019;12:30;Everton;Chelsea;3;1;H;C Pawson;3;0;0;0
07/12/2019;15:00;Bournemouth;Liverpool;0;3;A;C Kavanagh;0;1;0;0
07/12/2019;15:00;Tottenham;Burnley;5;0;H;K Friend;1;1;0;0
07/12/2019;15:00;Watford;Crystal Palace;0;0;D;M Atkinson;4;2;0;0
07/12/2019;17:30;Man City;Man United;1;2;A;A Taylor;3;2;0;0
08/12/2019;14:00;Aston Villa;Leicester;1;4;A;M Oliver;6;2;0;0
08/12/2019;14:00;Newcastle;Southampton;2;1;H;D Coote;1;3;0;0
08/12/2019;14:00;Norwich;Sheffield United;1;2;A;S Hooper;0;4;0;0
08/12/2019;16:30;Brighton;Wolves;2;2;D;J Moss;3;0;0;0
09/12/2019;20:00;West Ham;Arsenal;1;3;A;M Dean;2;0;0;0
14/12/2019;12:30;Liverpool;Watford;2;0;H;A Marriner;2;1;0;0
14/12/2019;15:00;Burnley;Newcastle;1;0;H;T Robinson;0;2;0;0
14/12/2019;15:00;Chelsea;Bournemouth;0;1;A;G Scott;1;2;0;0
14/12/2019;15:00;Leicester;Norwich;1;1;D;A Madley;0;4;0;0
14/12/2019;15:00;Sheffield United;Aston Villa;2;0;H;P Bankes;2;2;0;0
14/12/2019;17:30;Southampton;West Ham;0;1;A;M Atkinson;1;3;0;0
15/12/2019;14:00;Man United;Everton;1;1;D;M Oliver;1;2;0;0
15/12/2019;14:00;Wolves;Tottenham;1;2;A;S Attwell;4;4;0;0
15/12/2019;16:30;Arsenal;Man City;0;3;A;P Tierney;1;4;0;0
16/12/2019;19:45;Crystal Palace;Brighton;1;1;D;C Pawson;1;1;0;0
21/12/2019;12:30;Everton;Arsenal;0;0;D;K Friend;2;3;0;0
21/12/2019;15:00;Aston Villa;Southampton;1;3;A;C Pawson;2;1;0;0
21/12/2019;15:00;Bournemouth;Burnley;0;1;A;M Atkinson;2;4;0;0
21/12/2019;15:00;Brighton;Sheffield United;0;1;A;R Jones;1;3;0;0
21/12/2019;15:00;Newcastle;Crystal Palace;1;0;H;S Hooper;2;0;0;0
21/12/2019;15:00;Norwich;Wolves;1;2;A;P Bankes;2;4;0;0
21/12/2019;17:30;Man City;Leicester;3;1;H;M Dean;2;2;0;0
22/12/2019;14:00;Watford;Man United;2;0;H;L Mason;3;1;0;0
22/12/2019;16:30;Tottenham;Chelsea;0;2;A;A Taylor;4;3;1;0
26/12/2019;12:30;Tottenham;Brighton;2;1;H;G Scott;4;2;0;0
26/12/2019;15:00;Aston Villa;Norwich;1;0;H;C Kavanagh;2;3;0;0
26/12/2019;15:00;Bournemouth;Arsenal;1;1;D;S Attwell;4;4;0;0
26/12/2019;15:00;Chelsea;Southampton;0;2;A;J Moss;3;2;0;0
26/12/2019;15:00;Crystal Palace;West Ham;2;1;H;A Marriner;0;2;0;0
26/12/2019;15:00;Everton;Burnley;1;0;H;A Taylor;0;0;0;0
26/12/2019;15:00;Sheffield United;Watford;1;1;D;D Coote;1;3;0;0
26/12/2019;17:30;Man United;Newcastle;4;1;H;K Friend;2;2;0;0
26/12/2019;20:00;Leicester;Liverpool;0;4;A;M Oliver;1;1;0;0
27/12/2019;19:45;Wolves;Man City;3;2;H;M Atkinson;0;1;0;1
28/12/2019;12:30;Brighton;Bournemouth;2;0;H;P Tierney;0;2;0;0
28/12/2019;15:00;Newcastle;Everton;1;2;A;L Mason;2;2;0;0
28/12/2019;15:00;Southampton;Crystal Palace;1;1;D;A Madley;1;2;0;0
28/12/2019;15:00;Watford;Aston Villa;3;0;H;S Hooper;3;1;1;0
28/12/2019;17:30;Norwich;Tottenham;2;2;D;K Friend;3;3;0;0
28/12/2019;17:30;West Ham;Leicester;1;2;A;D Coote;4;1;0;0
28/12/2019;19:45;Burnley;Man United;0;2;A;M Dean;4;3;0;0
29/12/2019;14:00;Arsenal;Chelsea;1;2;A;C Pawson;5;4;0;0
29/12/2019;16:30;Liverpool;Wolves;1;0;H;A Taylor;1;0;0;0
29/12/2019;18:00;Man City;Sheffield United;2;0;H;C Kavanagh;1;1;0;0
01/01/2020;12:30;Brighton;Chelsea;1;1;D;S Attwell;2;3;0;0
01/01/2020;12:30;Burnley;Aston Villa;1;2;A;M Oliver;1;1;0;0
01/01/2020;15:00;Newcastle;Leicester;0;3;A;M Atkinson;1;1;0;0
01/01/2020;15:00;Southampton;Tottenham;1;0;H;M Dean;3;4;0;0
01/01/2020;15:00;Watford;Wolves;2;1;H;A Madley;3;1;1;0
01/01/2020;17:30;Man City;Everton;2;1;H;A Marriner;0;4;0;0
01/01/2020;17:30;Norwich;Crystal Palace;1;1;D;J Moss;5;0;0;0
01/01/2020;17:30;West Ham;Bournemouth;4;0;H;G Scott;1;2;0;0
01/01/2020;20:00;Arsenal;Man United;2;0;H;C Kavanagh;2;0;0;0
02/01/2020;20:00;Liverpool;Sheffield United;2;0;H;P Tierney;0;0;0;0
10/01/2020;20:00;Sheffield United;West Ham;1;0;H;M Oliver;1;0;0;0
11/01/2020;12:30;Crystal Palace;Arsenal;1;1;D;P Tierney;2;3;0;1
11/01/2020;15:00;Chelsea;Burnley;3;0;H;K Friend;0;3;0;0
11/01/2020;15:00;Everton;Brighton;1;0;H;D Coote;2;1;0;0
11/01/2020;15:00;Leicester;Southampton;1;2;A;L Mason;0;3;0;0
11/01/2020;15:00;Man United;Norwich;4;0;H;A Taylor;0;0;0;0
11/01/2020;15:00;Wolves;Newcastle;1;1;D;P Bankes;0;3;0;0
11/01/2020;17:30;Tottenham;Liverpool;0;1;A;M Atkinson;0;2;0;0
12/01/2020;14:00;Bournemouth;Watford;0;3;A;M Dean;1;1;0;0
12/01/2020;16:30;Aston Villa;Man City;1;6;A;J Moss;2;1;0;0
18/01/2020;12:30;Watford;Tottenham;0;0;D;M Oliver;2;3;0;0
18/01/2020;15:00;Arsenal;Sheffield United;1;1;D;M Dean;1;2;0;0
18/01/2020;15:00;Brighton;Aston Villa;1;1;D;A Madley;3;3;0;0
18/01/2020;15:00;Man City;Crystal Palace;2;2;D;S Scott;1;2;0;0
18/01/2020;15:00;Norwich;Bournemouth;1;0;H;P Tierney;2;2;1;1
18/01/2020;15:00;Southampton;Wolves;2;3;A;D England;2;1;0;0
18/01/2020;15:00;West Ham;Everton;1;1;D;A Marriner;1;0;0;0
18/01/2020;17:30;Newcastle;Chelsea;1;0;H;C Kavanagh;1;1;0;0
19/01/2020;14:00;Burnley;Leicester;2;1;H;A Taylor;1;0;0;0
19/01/2020;16:30;Liverpool;Man United;2;0;H;C Pawson;1;3;0;0
21/01/2020;19:30;Aston Villa;Watford;2;1;H;M Atkinson;2;2;0;0
21/01/2020;19:30;Bournemouth;Brighton;3;1;H;K Friend;1;1;0;0
21/01/2020;19:30;Crystal Palace;Southampton;0;2;A;A Marriner;1;2;0;0
21/01/2020;19:30;Everton;Newcastle;2;2;D;S Hooper;1;1;0;0
21/01/2020;19:30;Sheffield United;Man City;0;1;A;L Mason;4;3;0;0
21/01/2020;20:15;Chelsea;Arsenal;2;2;D;S Attwell;2;1;0;1
22/01/2020;19:30;Leicester;West Ham;4;1;H;D Coote;1;1;0;0
22/01/2020;19:30;Tottenham;Norwich;2;1;H;C Kavanagh;0;1;0;0
22/01/2020;20:15;Man United;Burnley;0;2;A;J Moss;0;2;0;0
23/01/2020;20:00;Wolves;Liverpool;1;2;A;M Oliver;0;1;0;0
29/01/2020;19:45;West Ham;Liverpool;0;2;A;J Moss;2;0;0;0
01/02/2020;12:30;Leicester;Chelsea;2;2;D;L Mason;2;2;0;0
01/02/2020;15:00;Bournemouth;Aston Villa;2;1;H;A Taylor;1;3;1;0
01/02/2020;15:00;Crystal Palace;Sheffield United;0;1;A;A Madley;3;2;0;0
01/02/2020;15:00;Liverpool;Southampton;4;0;H;K Friend;0;2;0;0
01/02/2020;15:00;Newcastle;Norwich;0;0;D;M Atkinson;2;1;0;0
01/02/2020;15:00;Watford;Everton;2;3;A;C Pawson;2;2;0;1
01/02/2020;15:00;West Ham;Brighton;3;3;D;M Oliver;1;1;0;0
01/02/2020;17:30;Man United;Wolves;0;0;D;P Tierney;3;2;0;0
02/02/2020;14:00;Burnley;Arsenal;0;0;D;C Kavanagh;1;3;0;0
02/02/2020;16:30;Tottenham;Man City;2;0;H;M Dean;2;3;0;1
08/02/2020;12:30;Everton;Crystal Palace;3;1;H;D Coote;0;1;0;0
08/02/2020;17:30;Brighton;Watford;1;1;D;K Friend;2;2;0;0
09/02/2020;14:00;Sheffield United;Bournemouth;2;1;H;J Moss;2;2;0;0
14/02/2020;20:00;Wolves;Leicester;0;0;D;M Dean;2;2;0;1
15/02/2020;12:30;Southampton;Burnley;1;2;A;S Hooper;2;2;0;0
15/02/2020;17:30;Norwich;Liverpool;0;1;A;S Attwell;1;2;0;0
16/02/2020;14:00;Aston Villa;Tottenham;2;3;A;M Atkinson;2;0;0;0
16/02/2020;16:30;Arsenal;Newcastle;4;0;H;L Mason;2;0;0;0
17/02/2020;20:00;Chelsea;Man United;0;2;A;A Taylor;4;3;0;0
19/02/2020;19:30;Man City;West Ham;2;0;H;K Friend;0;1;0;0
22/02/2020;12:30;Chelsea;Tottenham;2;1;H;M Oliver;1;2;0;0
22/02/2020;15:00;Burnley;Bournemouth;3;0;H;M Dean;4;3;0;0
22/02/2020;15:00;Crystal Palace;Newcastle;1;0;H;P Bankes;2;6;0;1
22/02/2020;15:00;Sheffield United;Brighton;1;1;D;G Scott;0;2;0;0
22/02/2020;15:00;Southampton;Aston Villa;2;0;H;C Pawson;1;4;0;0
22/02/2020;17:30;Leicester;Man City;0;1;A;P Tierney;0;0;0;0
23/02/2020;14:00;Man United;Watford;3;0;H;M Atkinson;0;1;0;0
23/02/2020;14:00;Wolves;Norwich;3;0;H;C Kavanagh;2;3;0;0
23/02/2020;16:30;Arsenal;Everton;3;2;H;S Attwell;0;4;0;0
24/02/2020;20:00;Liverpool;West Ham;3;2;H;J Moss;0;3;0;0
28/02/2020;20:00;Norwich;Leicester;1;0;H;C Pawson;1;2;0;0
29/02/2020;12:30;Brighton;Crystal Palace;0;1;A;M Atkinson;1;1;0;0
29/02/2020;15:00;Bournemouth;Chelsea;2;2;D;A Marriner;2;2;0;0
29/02/2020;15:00;Newcastle;Burnley;0;0;D;A Madley;4;3;0;0
29/02/2020;15:00;West Ham;Southampton;3;1;H;A Taylor;1;1;0;0
29/02/2020;17:30;Watford;Liverpool;3;0;H;M Oliver;0;0;0;0
01/03/2020;14:00;Everton;Man United;1;1;D;C Kavanagh;3;4;0;0
01/03/2020;14:00;Tottenham;Wolves;2;3;A;S Attwell;3;2;0;0
07/03/2020;12:30;Liverpool;Bournemouth;2;1;H;P Tierney;0;1;0;0
07/03/2020;15:00;Arsenal;West Ham;1;0;H;M Atkinson;1;2;0;0
07/03/2020;15:00;Crystal Palace;Watford;1;0;H;A Taylor;4;4;0;0
07/03/2020;15:00;Sheffield United;Norwich;1;0;H;S Hooper;0;0;0;0
07/03/2020;15:00;Southampton;Newcastle;0;1;A;G Scott;0;3;1;0
07/03/2020;15:00;Wolves;Brighton;0;0;D;A Marriner;1;3;0;0
07/03/2020;17:30;Burnley;Tottenham;1;1;D;J Moss;5;4;0;0
08/03/2020;14:00;Chelsea;Everton;4;0;H;K Friend;1;2;0;0
08/03/2020;16:30;Man United;Man City;2;0;H;M Dean;2;4;0;0
09/03/2020;20:00;Leicester;Aston Villa;4;0;H;M Oliver;2;1;0;0
17/06/2020;18:00;Aston Villa;Sheffield United;0;0;D;M Oliver;1;1;0;0
17/06/2020;20:15;Man City;Arsenal;3;0;H;A Taylor;1;1;0;1
19/06/2020;18:00;Norwich;Southampton;0;3;A;K Friend;1;1;0;0
19/06/2020;20:15;Tottenham;Man United;1;1;D;J Moss;0;1;0;0
20/06/2020;12:30;Watford;Leicester;1;1;D;C Pawson;0;1;0;0
20/06/2020;15:00;Brighton;Arsenal;2;1;H;M Atkinson;2;1;0;0
20/06/2020;17:30;West Ham;Wolves;0;2;A;A Taylor;1;1;0;0
20/06/2020;19:45;Bournemouth;Crystal Palace;0;2;A;S Attwell;3;2;0;0
21/06/2020;14:00;Newcastle;Sheffield United;3;0;H;D Coote;2;0;0;1
21/06/2020;16:15;Aston Villa;Chelsea;1;2;A;P Tierney;2;1;0;0
21/06/2020;19:00;Everton;Liverpool;0;0;D;M Dean;2;2;0;0
22/06/2020;20:00;Man City;Burnley;5;0;H;A Marriner;1;1;0;0
23/06/2020;18:00;Leicester;Brighton;0;0;D;L Mason;2;2;0;0
23/06/2020;20:15;Tottenham;West Ham;2;0;H;C Pawson;2;2;0;0
24/06/2020;18:00;Man United;Sheffield United;3;0;H;A Taylor;1;0;0;0
24/06/2020;18:00;Newcastle;Aston Villa;1;1;D;C Kavanagh;2;2;0;0
24/06/2020;18:00;Norwich;Everton;0;1;A;A Madley;0;1;0;0
24/06/2020;18:00;Wolves;Bournemouth;1;0;H;M Oliver;3;3;0;0
24/06/2020;20:15;Liverpool;Crystal Palace;4;0;H;M Atkinson;0;0;0;0
25/06/2020;18:00;Burnley;Watford;1;0;H;M Dean;1;0;0;0
25/06/2020;18:00;Southampton;Arsenal;0;2;A;G Scott;0;2;1;0
25/06/2020;20:15;Chelsea;Man City;2;1;H;S Attwell;1;1;0;1
27/06/2020;12:30;Aston Villa;Wolves;0;1;A;C Pawson;1;1;0;0
28/06/2020;16:30;Watford;Southampton;1;3;A;M Oliver;3;0;0;0
29/06/2020;20:00;Crystal Palace;Burnley;0;1;A;S Hooper;1;1;0;0
30/06/2020;20:15;Brighton;Man United;0;3;A;A Marriner;0;1;0;0
01/07/2020;18:00;Arsenal;Norwich;4;0;H;P Bankes;1;4;0;0
01/07/2020;18:00;Bournemouth;Newcastle;1;4;A;K Friend;2;0;0;0
01/07/2020;18:00;Everton;Leicester;2;1;H;D Coote;1;1;0;0
01/07/2020;20:15;West Ham;Chelsea;3;2;H;M Atkinson;2;1;0;0
02/07/2020;18:00;Sheffield United;Tottenham;3;1;H;C Kavanagh;2;0;0;0
02/07/2020;20:15;Man City;Liverpool;4;0;H;A Taylor;2;2;0;0
04/07/2020;12:30;Norwich;Brighton;0;1;A;S Attwell;2;2;0;0
04/07/2020;15:00;Leicester;Crystal Palace;3;0;H;J Moss;2;1;0;0
04/07/2020;15:00;Man United;Bournemouth;5;2;H;M Dean;0;1;0;0
04/07/2020;17:30;Wolves;Arsenal;0;2;A;M Oliver;2;4;0;0
04/07/2020;20:00;Chelsea;Watford;3;0;H;K Friend;0;2;0;0
05/07/2020;12:00;Burnley;Sheffield United;1;1;D;P Bankes;0;0;0;0
05/07/2020;14:15;Newcastle;West Ham;2;2;D;C Pawson;0;0;0;0
05/07/2020;16:30;Liverpool;Aston Villa;2;0;H;P Tierney;1;1;0;0
05/07/2020;19:00;Southampton;Man City;1;0;H;A Marriner;1;2;0;0
06/07/2020;20:00;Tottenham;Everton;1;0;H;G Scott;3;2;0;0
07/07/2020;18:00;Crystal Palace;Chelsea;2;3;A;D Coote;1;0;0;0
07/07/2020;18:00;Watford;Norwich;2;1;H;A Taylor;2;4;0;0
07/07/2020;20:15;Arsenal;Leicester;1;1;D;C Kavanagh;1;0;1;0
08/07/2020;18:00;Man City;Newcastle;5;0;H;A Madley;0;0;0;0
08/07/2020;18:00;Sheffield United;Wolves;1;0;H;M Atkinson;2;0;0;0
08/07/2020;18:00;West Ham;Burnley;0;1;A;M Oliver;1;1;0;0
08/07/2020;20:15;Brighton;Liverpool;1;3;A;C Pawson;1;4;0;0
09/07/2020;18:00;Bournemouth;Tottenham;0;0;D;P Tierney;3;2;0;0
09/07/2020;18:00;Everton;Southampton;1;1;D;L Mason;3;3;0;0
09/07/2020;20:15;Aston Villa;Man United;0;3;A;J Moss;2;3;0;0
11/07/2020;12:30;Norwich;West Ham;0;4;A;K Friend;1;0;0;0
11/07/2020;12:30;Watford;Newcastle;2;1;H;C Pawson;1;4;0;0
11/07/2020;15:00;Liverpool;Burnley;1;1;D;D Coote;1;2;0;0
11/07/2020;17:30;Sheffield United;Chelsea;3;0;H;A Marriner;1;0;0;0
11/07/2020;20:00;Brighton;Man City;0;5;A;G Scott;1;0;0;0
12/07/2020;12:00;Wolves;Everton;3;0;H;A Taylor;0;2;0;0
12/07/2020;14:15;Aston Villa;Crystal Palace;2;0;H;M Atkinson;2;4;0;1
12/07/2020;16:30;Tottenham;Arsenal;2;1;H;M Oliver;5;3;0;0
12/07/2020;19:00;Bournemouth;Leicester;4;1;H;S Attwell;2;1;0;1
13/07/2020;20:00;Man United;Southampton;2;2;D;C Kavanagh;1;3;0;0
14/07/2020;20:15;Chelsea;Norwich;1;0;H;J Moss;2;2;0;0
15/07/2020;18:00;Burnley;Wolves;1;1;D;M Dean;0;0;0;0
15/07/2020;18:00;Man City;Bournemouth;2;1;H;L Mason;1;1;0;0
15/07/2020;18:00;Newcastle;Tottenham;1;3;A;D Coote;2;3;0;0
15/07/2020;20:15;Arsenal;Liverpool;2;1;H;P Tierney;3;1;0;0
16/07/2020;18:00;Everton;Aston Villa;1;1;D;A Taylor;2;1;0;0
16/07/2020;18:00;Leicester;Sheffield United;2;0;H;M Oliver;1;2;0;0
16/07/2020;20:15;Crystal Palace;Man United;0;2;A;G Scott;1;2;0;0
16/07/2020;20:15;Southampton;Brighton;1;1;D;A Marriner;1;0;0;0
17/07/2020;20:00;West Ham;Watford;3;1;H;M Atkinson;0;2;0;0
18/07/2020;17:30;Norwich;Burnley;0;2;A;K Friend;0;0;2;0
19/07/2020;14:00;Bournemouth;Southampton;0;2;A;C Pawson;2;2;0;0
19/07/2020;16:00;Tottenham;Leicester;3;0;H;A Taylor;2;1;0;0
20/07/2020;18:00;Brighton;Newcastle;0;0;D;S Hooper;4;2;0;0
20/07/2020;18:00;Sheffield United;Everton;0;1;A;S Attwell;1;3;0;0
20/07/2020;20:15;Wolves;Crystal Palace;2;0;H;P Bankes;2;1;0;0
21/07/2020;18:00;Watford;Man City;0;4;A;M Oliver;2;0;0;0
21/07/2020;20:15;Aston Villa;Arsenal;1;0;H;C Kavanagh;2;4;0;0
22/07/2020;18:00;Man United;West Ham;1;1;D;P Tierney;3;1;0;0
22/07/2020;20:15;Liverpool;Chelsea;5;3;H;A Marriner;1;0;0;0
26/07/2020;16:00;Arsenal;Watford;3;2;H;M Dean;3;3;0;0
26/07/2020;16:00;Burnley;Brighton;1;2;A;J Moss;3;0;0;0
26/07/2020;16:00;Chelsea;Wolves;2;0;H;S Attwell;2;3;0;0
26/07/2020;16:00;Crystal Palace;Tottenham;1;1;D;A Marriner;3;2;0;0
26/07/2020;16:00;Everton;Bournemouth;1;3;A;C Kavanagh;1;0;0;0
26/07/2020;16:00;Leicester;Man United;0;2;A;M Atkinson;1;4;1;0
26/07/2020;16:00;Man City;Norwich;5;0;H;C Pawson;1;1;0;0
26/07/2020;16:00;Newcastle;Liverpool;1;3;A;A Taylor;1;0;0;0
26/07/2020;16:00;Southampton;Sheffield United;3;1;H;P Bankes;0;1;0;0
26/07/2020;16:00;West Ham;Aston Villa;1;1;D;M Oliver;2;1;0;0